key,name,function,address,type,bit,unit,scale,offset,precision,device_class,state_class,icon,section,enabled_by_default,count,word_order,byte_order
gw_io_0_us_ok_0_15,US_OK,3,0,bit,15,,1,0,,,,,IO_0,true,,,
gw_io_0_aw_ochronnika_0_14,aw_ochronnika,3,0,bit,14,,1,0,,,,,IO_0,true,,,
gw_io_0_zasilanie_ok_0_13,zasilanie_OK,3,0,bit,13,,1,0,,,,,IO_0,true,,,
gw_io_0_przel_zmw1_0_12,przel_ZMW1,3,0,bit,12,,1,0,,,,,IO_0,true,,,
gw_io_0_such_zmw1_0_11,such_ZMW1,3,0,bit,11,,1,0,,,,,IO_0,true,,,
gw_io_0_wlaz_z_zmw1_0_10,wlaz_Z_ZMW1,3,0,bit,10,,1,0,,,,,IO_0,true,,,
gw_io_0_przel_zmw2_0_9,przel_ZMW2,3,0,bit,9,,1,0,,,,,IO_0,true,,,
gw_io_0_such_zmw2_0_8,such_ZMW2,3,0,bit,8,,1,0,,,,,IO_0,true,,,
gw_io_0_wlaz_z_zmw2_0_7,wlaz_Z_ZMW2,3,0,bit,7,,1,0,,,,,IO_0,true,,,
gw_io_0_pr_agregat_0_6,pr_agregat,3,0,bit,6,,1,0,,,,,IO_0,true,,,
gw_io_0_aw_agregat_0_5,aw_agregat,3,0,bit,5,,1,0,,,,,IO_0,true,,,
gw_io_0_malo_paliwa_0_4,malo_paliwa,3,0,bit,4,,1,0,,,,,IO_0,true,,,
gw_io_0_szr_siec_0_3,SZR_siec,3,0,bit,3,,1,0,,,,,IO_0,true,,,
gw_io_0_szr_0_0_2,SZR_0,3,0,bit,2,,1,0,,,,,IO_0,true,,,
gw_io_0_szr_agregat_0_1,SZR_agregat,3,0,bit,1,,1,0,,,,,IO_0,true,,,
gw_io_0_szr_auto_0_0,SZR_auto,3,0,bit,0,,1,0,,,,,IO_0,true,,,
gw_io_1_pg1_cisn_max_1_15,PG1_cisn_MAX,3,1,bit,15,,1,0,,,,,IO_1,true,,,
gw_io_1_pg1_such_1_14,PG1_such,3,1,bit,14,,1,0,,,,,IO_1,true,,,
gw_io_1_pg1_z_obudowa_1_13,PG1_Z_obudowa,3,1,bit,13,,1,0,,,,,IO_1,true,,,
gw_io_1_pg1_gotowosc_ogrzewania_1_12,PG1_gotowosc_ogrzewania,3,1,bit,12,,1,0,,,,,IO_1,true,,,
gw_io_1_pg1_gotowosc_1_11,PG1_gotowosc,3,1,bit,11,,1,0,,,,,IO_1,true,,,
gw_io_1_pg1_pr_1_10,PG1_pr,3,1,bit,10,,1,0,,,,,IO_1,true,,,
gw_io_1_pg1_auto_1_9,PG1_auto,3,1,bit,9,,1,0,,,,,IO_1,true,,,
gw_io_1_us_pg_ok_1_8,US_PG_OK,3,1,bit,8,,1,0,,,,,IO_1,true,,,
gw_io_1_pg2_cisn_max_1_7,PG2_cisn_max,3,1,bit,7,,1,0,,,,,IO_1,true,,,
gw_io_1_pg2_such_1_6,PG2_such,3,1,bit,6,,1,0,,,,,IO_1,true,,,
gw_io_1_pg2_z_obudow_1_5,PG2_Z_obudow,3,1,bit,5,,1,0,,,,,IO_1,true,,,
gw_io_1_pg2_gotowosc_ogrzewania_1_4,PG2_gotowosc_ogrzewania,3,1,bit,4,,1,0,,,,,IO_1,true,,,
gw_io_1_pg2_gotowosc_1_3,PG2_gotowosc,3,1,bit,3,,1,0,,,,,IO_1,true,,,
gw_io_1_pg2_pr_1_2,PG2_pr,3,1,bit,2,,1,0,,,,,IO_1,true,,,
gw_io_1_pg2_auto_1_1,PG2_auto,3,1,bit,1,,1,0,,,,,IO_1,true,,,
gw_io_1_wybrany_zbiornik_zmw2_1_0,wybrany_zbiornik_zmw2,3,1,bit,0,,1,0,,,,,IO_1,true,,,
gw_io_2_ok_spr1_2_15,OK_SPR1,3,2,bit,15,,1,0,,,,,IO_2,true,,,
gw_io_2_pr_spr1_2_14,pr_SPR1,3,2,bit,14,,1,0,,,,,IO_2,true,,,
gw_io_2_auto_spr1_2_13,auto_SPR1,3,2,bit,13,,1,0,,,,,IO_2,true,,,
gw_io_2_ok_spr2_2_12,OK_SPR2,3,2,bit,12,,1,0,,,,,IO_2,true,,,
gw_io_2_pr_spr2_2_11,pr_SPR2,3,2,bit,11,,1,0,,,,,IO_2,true,,,
gw_io_2_auto_spr2_2_10,auto_SPR2,3,2,bit,10,,1,0,,,,,IO_2,true,,,
gw_io_2_cisn_min_pow_2_9,cisn_min_pow,3,2,bit,9,,1,0,,,,,IO_2,true,,,
gw_io_2_gotowosc_pdc9_1_2_8,gotowosc_PDC9_1,3,2,bit,8,,1,0,,,,,IO_2,true,,,
gw_io_2_such_ppl_2_7,such_PPL,3,2,bit,7,,1,0,,,,,IO_2,true,,,
gw_io_2_cisn_max_ppl_2_6,cisn_max_PPL,3,2,bit,6,,1,0,,,,,IO_2,true,,,
gw_io_2_ok_ppl_2_5,OK_PPL,3,2,bit,5,,1,0,,,,,IO_2,true,,,
gw_io_2_pr_ppl_2_4,pr_PPL,3,2,bit,4,,1,0,,,,,IO_2,true,,,
gw_io_2_auto_ppl_2_3,auto_PPL,3,2,bit,3,,1,0,,,,,IO_2,true,,,
gw_io_2_ok_us_aeracji_2_2,OK_US_aeracji,3,2,bit,2,,1,0,,,,,IO_2,true,,,
gw_io_2_ez2_2_o_2_1,EZ2_2_O,3,2,bit,1,,1,0,,,,,IO_2,true,,,
gw_io_2_ez2_1_o_do_mieszacza_2_0,EZ2_1_O_do_mieszacza,3,2,bit,0,,1,0,,,,,IO_2,true,,,
gw_io_3_ffe1_sur_o_3_15,FFe1_sur_O,3,3,bit,15,,1,0,,,,,IO_3,true,,,
gw_io_3_ffe1_sur_z_3_14,FFe1_sur_Z,3,3,bit,14,,1,0,,,,,IO_3,true,,,
gw_io_3_ffe1_popl_o_3_13,FFe1_popl_O,3,3,bit,13,,1,0,,,,,IO_3,true,,,
gw_io_3_ffe1_popl_z_3_12,FFe1_popl_Z,3,3,bit,12,,1,0,,,,,IO_3,true,,,
gw_io_3_ffe1_uzd_o_3_11,FFe1_uzd_O,3,3,bit,11,,1,0,,,,,IO_3,true,,,
gw_io_3_ffe1_uzd_z_3_10,FFe1_uzd_Z,3,3,bit,10,,1,0,,,,,IO_3,true,,,
gw_io_3_ffe1_plucz_o_3_9,FFe1_plucz_O,3,3,bit,9,,1,0,,,,,IO_3,true,,,
gw_io_3_ffe1_plucz_z_3_8,FFe1_plucz_Z,3,3,bit,8,,1,0,,,,,IO_3,true,,,
gw_io_3_ffe2_sur_o_3_7,FFe2_sur_O,3,3,bit,7,,1,0,,,,,IO_3,true,,,
gw_io_3_ffe2_sur_z_3_6,FFe2_sur_Z,3,3,bit,6,,1,0,,,,,IO_3,true,,,
gw_io_3_ffe2_popl_o_3_5,FFe2_popl_O,3,3,bit,5,,1,0,,,,,IO_3,true,,,
gw_io_3_ffe2_popl_z_3_4,FFe2_popl_Z,3,3,bit,4,,1,0,,,,,IO_3,true,,,
gw_io_3_ffe2_uzd_o_3_3,FFe2_uzd_O,3,3,bit,3,,1,0,,,,,IO_3,true,,,
gw_io_3_ffe2_uzd_z_3_2,FFe2_uzd_Z,3,3,bit,2,,1,0,,,,,IO_3,true,,,
gw_io_3_ffe2_plucz_o_3_1,FFe2_plucz_O,3,3,bit,1,,1,0,,,,,IO_3,true,,,
gw_io_3_ffe2_plucz_z_3_0,FFe2_plucz_Z,3,3,bit,0,,1,0,,,,,IO_3,true,,,
gw_io_4_fmn1_sur_o_4_15,FMn1_sur_O,3,4,bit,15,,1,0,,,,,IO_4,true,,,
gw_io_4_fmn1_sur_z_4_14,FMn1_sur_Z,3,4,bit,14,,1,0,,,,,IO_4,true,,,
gw_io_4_fmn1_popl_o_4_13,FMn1_popl_O,3,4,bit,13,,1,0,,,,,IO_4,true,,,
gw_io_4_fmn1_popl_z_4_12,FMn1_popl_Z,3,4,bit,12,,1,0,,,,,IO_4,true,,,
gw_io_4_fmn1_uzd_o_4_11,FMn1_uzd_O,3,4,bit,11,,1,0,,,,,IO_4,true,,,
gw_io_4_fmn1_uzd_z_4_10,FMn1_uzd_Z,3,4,bit,10,,1,0,,,,,IO_4,true,,,
gw_io_4_fmn1_plucz_o_4_9,FMn1_plucz_O,3,4,bit,9,,1,0,,,,,IO_4,true,,,
gw_io_4_fmn1_plucz_z_4_8,FMn1_plucz_Z,3,4,bit,8,,1,0,,,,,IO_4,true,,,
gw_io_4_fmn2_sur_o_4_7,FMn2_sur_O,3,4,bit,7,,1,0,,,,,IO_4,true,,,
gw_io_4_fmn2_sur_z_4_6,FMn2_sur_Z,3,4,bit,6,,1,0,,,,,IO_4,true,,,
gw_io_4_fmn2_popl_o_4_5,FMn2_popl_O,3,4,bit,5,,1,0,,,,,IO_4,true,,,
gw_io_4_fmn2_popl_z_4_4,FMn2_popl_Z,3,4,bit,4,,1,0,,,,,IO_4,true,,,
gw_io_4_fmn2_uzd_o_4_3,FMn2_uzd_O,3,4,bit,3,,1,0,,,,,IO_4,true,,,
gw_io_4_fmn2_uzd_z_4_2,FMn2_uzd_Z,3,4,bit,2,,1,0,,,,,IO_4,true,,,
gw_io_4_fmn2_plucz_o_4_1,FMn2_plucz_O,3,4,bit,1,,1,0,,,,,IO_4,true,,,
gw_io_4_fmn2_plucz_z_4_0,FMn2_plucz_Z,3,4,bit,0,,1,0,,,,,IO_4,true,,,
gw_io_5_ffe1_spust_o_5_15,FFe1_spust_O,3,5,bit,15,,1,0,,,,,IO_5,true,,,
gw_io_5_ffe1_spust_z_5_14,FFe1_spust_Z,3,5,bit,14,,1,0,,,,,IO_5,true,,,
gw_io_5_ffe2_spust_o_5_13,FFe2_spust_O,3,5,bit,13,,1,0,,,,,IO_5,true,,,
gw_io_5_ffe2_spust_z_5_12,FFe2_spust_Z,3,5,bit,12,,1,0,,,,,IO_5,true,,,
gw_io_5_fmn1_spust_o_5_11,FMn1_spust_O,3,5,bit,11,,1,0,,,,,IO_5,true,,,
gw_io_5_fmn1_spust_z_5_10,FMn1_spust_Z,3,5,bit,10,,1,0,,,,,IO_5,true,,,
gw_io_5_fmn2_spust_o_5_9,FMn2_spust_O,3,5,bit,9,,1,0,,,,,IO_5,true,,,
gw_io_5_fmn2_spust_z_5_8,FMn2_spust_Z,3,5,bit,8,,1,0,,,,,IO_5,true,,,
gw_io_5_imp_surowa_5_7,imp_surowa,3,5,bit,7,,1,0,,,,,IO_5,true,,,
gw_io_5_imp_uzdatn_5_6,imp_uzdatn,3,5,bit,6,,1,0,,,,,IO_5,true,,,
gw_io_5_imp_siec_5_5,imp_siec,3,5,bit,5,,1,0,,,,,IO_5,true,,,
gw_io_5_imp_plucz_5_4,imp_plucz,3,5,bit,4,,1,0,,,,,IO_5,true,,,
gw_io_5_rez_di19_4_5_3,rez_DI19_4,3,5,bit,3,,1,0,,,,,IO_5,false,,,
gw_io_5_rez_di19_5_5_2,rez_DI19_5,3,5,bit,2,,1,0,,,,,IO_5,false,,,
gw_io_5_rez_di19_6_5_1,rez_DI19_6,3,5,bit,1,,1,0,,,,,IO_5,false,,,
gw_io_5_ok_zasilanie_ez_5_0,OK_zasilanie_EZ,3,5,bit,0,,1,0,,,,,IO_5,true,,,
gw_io_6_static_1_6_15,IO_6 Static_1,3,6,bit,15,,1,0,,,,,IO_6,false,,,
gw_io_6_static_2_6_14,IO_6 Static_2,3,6,bit,14,,1,0,,,,,IO_6,false,,,
gw_io_6_static_3_6_13,IO_6 Static_3,3,6,bit,13,,1,0,,,,,IO_6,false,,,
gw_io_6_static_4_6_12,IO_6 Static_4,3,6,bit,12,,1,0,,,,,IO_6,false,,,
gw_io_6_static_5_6_11,IO_6 Static_5,3,6,bit,11,,1,0,,,,,IO_6,false,,,
gw_io_6_static_6_6_10,IO_6 Static_6,3,6,bit,10,,1,0,,,,,IO_6,false,,,
gw_io_6_static_7_6_9,IO_6 Static_7,3,6,bit,9,,1,0,,,,,IO_6,false,,,
gw_io_6_static_8_6_8,IO_6 Static_8,3,6,bit,8,,1,0,,,,,IO_6,false,,,
gw_io_6_static_9_6_7,IO_6 Static_9,3,6,bit,7,,1,0,,,,,IO_6,false,,,
gw_io_6_static_10_6_6,IO_6 Static_10,3,6,bit,6,,1,0,,,,,IO_6,false,,,
gw_io_6_static_11_6_5,IO_6 Static_11,3,6,bit,5,,1,0,,,,,IO_6,false,,,
gw_io_6_static_12_6_4,IO_6 Static_12,3,6,bit,4,,1,0,,,,,IO_6,false,,,
gw_io_6_static_13_6_3,IO_6 Static_13,3,6,bit,3,,1,0,,,,,IO_6,false,,,
gw_io_6_static_14_6_2,IO_6 Static_14,3,6,bit,2,,1,0,,,,,IO_6,false,,,
gw_io_6_static_15_6_1,IO_6 Static_15,3,6,bit,1,,1,0,,,,,IO_6,false,,,
gw_io_6_static_16_6_0,IO_6 Static_16,3,6,bit,0,,1,0,,,,,IO_6,false,,,
gw_io_7_static_1_7_15,IO_7 Static_1,3,7,bit,15,,1,0,,,,,IO_7,false,,,
gw_io_7_static_2_7_14,IO_7 Static_2,3,7,bit,14,,1,0,,,,,IO_7,false,,,
gw_io_7_static_3_7_13,IO_7 Static_3,3,7,bit,13,,1,0,,,,,IO_7,false,,,
gw_io_7_static_4_7_12,IO_7 Static_4,3,7,bit,12,,1,0,,,,,IO_7,false,,,
gw_io_7_static_5_7_11,IO_7 Static_5,3,7,bit,11,,1,0,,,,,IO_7,false,,,
gw_io_7_static_6_7_10,IO_7 Static_6,3,7,bit,10,,1,0,,,,,IO_7,false,,,
gw_io_7_static_7_7_9,IO_7 Static_7,3,7,bit,9,,1,0,,,,,IO_7,false,,,
gw_io_7_static_8_7_8,IO_7 Static_8,3,7,bit,8,,1,0,,,,,IO_7,false,,,
gw_io_7_static_9_7_7,IO_7 Static_9,3,7,bit,7,,1,0,,,,,IO_7,false,,,
gw_io_7_static_10_7_6,IO_7 Static_10,3,7,bit,6,,1,0,,,,,IO_7,false,,,
gw_io_7_static_11_7_5,IO_7 Static_11,3,7,bit,5,,1,0,,,,,IO_7,false,,,
gw_io_7_static_12_7_4,IO_7 Static_12,3,7,bit,4,,1,0,,,,,IO_7,false,,,
gw_io_7_static_13_7_3,IO_7 Static_13,3,7,bit,3,,1,0,,,,,IO_7,false,,,
gw_io_7_static_14_7_2,IO_7 Static_14,3,7,bit,2,,1,0,,,,,IO_7,false,,,
gw_io_7_static_15_7_1,IO_7 Static_15,3,7,bit,1,,1,0,,,,,IO_7,false,,,
gw_io_7_static_16_7_0,IO_7 Static_16,3,7,bit,0,,1,0,,,,,IO_7,false,,,
gw_io_8_static_1_8_15,IO_8 Static_1,3,8,bit,15,,1,0,,,,,IO_8,false,,,
gw_io_8_static_2_8_14,IO_8 Static_2,3,8,bit,14,,1,0,,,,,IO_8,false,,,
gw_io_8_static_3_8_13,IO_8 Static_3,3,8,bit,13,,1,0,,,,,IO_8,false,,,
gw_io_8_static_4_8_12,IO_8 Static_4,3,8,bit,12,,1,0,,,,,IO_8,false,,,
gw_io_8_static_5_8_11,IO_8 Static_5,3,8,bit,11,,1,0,,,,,IO_8,false,,,
gw_io_8_static_6_8_10,IO_8 Static_6,3,8,bit,10,,1,0,,,,,IO_8,false,,,
gw_io_8_static_7_8_9,IO_8 Static_7,3,8,bit,9,,1,0,,,,,IO_8,false,,,
gw_io_8_static_8_8_8,IO_8 Static_8,3,8,bit,8,,1,0,,,,,IO_8,false,,,
gw_io_8_static_9_8_7,IO_8 Static_9,3,8,bit,7,,1,0,,,,,IO_8,false,,,
gw_io_8_static_10_8_6,IO_8 Static_10,3,8,bit,6,,1,0,,,,,IO_8,false,,,
gw_io_8_static_11_8_5,IO_8 Static_11,3,8,bit,5,,1,0,,,,,IO_8,false,,,
gw_io_8_static_12_8_4,IO_8 Static_12,3,8,bit,4,,1,0,,,,,IO_8,false,,,
gw_io_8_static_13_8_3,IO_8 Static_13,3,8,bit,3,,1,0,,,,,IO_8,false,,,
gw_io_8_static_14_8_2,IO_8 Static_14,3,8,bit,2,,1,0,,,,,IO_8,false,,,
gw_io_8_static_15_8_1,IO_8 Static_15,3,8,bit,1,,1,0,,,,,IO_8,false,,,
gw_io_8_static_16_8_0,IO_8 Static_16,3,8,bit,0,,1,0,,,,,IO_8,false,,,
gw_io_9_static_1_9_15,IO_9 Static_1,3,9,bit,15,,1,0,,,,,IO_9,false,,,
gw_io_9_static_2_9_14,IO_9 Static_2,3,9,bit,14,,1,0,,,,,IO_9,false,,,
gw_io_9_static_3_9_13,IO_9 Static_3,3,9,bit,13,,1,0,,,,,IO_9,false,,,
gw_io_9_static_4_9_12,IO_9 Static_4,3,9,bit,12,,1,0,,,,,IO_9,false,,,
gw_io_9_static_5_9_11,IO_9 Static_5,3,9,bit,11,,1,0,,,,,IO_9,false,,,
gw_io_9_static_6_9_10,IO_9 Static_6,3,9,bit,10,,1,0,,,,,IO_9,false,,,
gw_io_9_static_7_9_9,IO_9 Static_7,3,9,bit,9,,1,0,,,,,IO_9,false,,,
gw_io_9_static_8_9_8,IO_9 Static_8,3,9,bit,8,,1,0,,,,,IO_9,false,,,
gw_io_9_static_9_9_7,IO_9 Static_9,3,9,bit,7,,1,0,,,,,IO_9,false,,,
gw_io_9_static_10_9_6,IO_9 Static_10,3,9,bit,6,,1,0,,,,,IO_9,false,,,
gw_io_9_static_11_9_5,IO_9 Static_11,3,9,bit,5,,1,0,,,,,IO_9,false,,,
gw_io_9_static_12_9_4,IO_9 Static_12,3,9,bit,4,,1,0,,,,,IO_9,false,,,
gw_io_9_static_13_9_3,IO_9 Static_13,3,9,bit,3,,1,0,,,,,IO_9,false,,,
gw_io_9_static_14_9_2,IO_9 Static_14,3,9,bit,2,,1,0,,,,,IO_9,false,,,
gw_io_9_static_15_9_1,IO_9 Static_15,3,9,bit,1,,1,0,,,,,IO_9,false,,,
gw_io_9_static_16_9_0,IO_9 Static_16,3,9,bit,0,,1,0,,,,,IO_9,false,,,
gw_aw_analog_poz_zmw5_1_10_15,Poz_ZMW5.1,3,10,bit,15,,1,0,,,,,aw_analog,true,,,
gw_aw_analog_poz_zmw5_2_10_14,Poz_ZMW5.2,3,10,bit,14,,1,0,,,,,aw_analog,true,,,
gw_aw_analog_poz_pg1_1_10_13,Poz_PG1.1,3,10,bit,13,,1,0,,,,,aw_analog,true,,,
gw_aw_analog_poz_pg1_2_10_12,Poz_PG1.2,3,10,bit,12,,1,0,,,,,aw_analog,true,,,
gw_aw_analog_static_11_10_11,aw_analog Static_11,3,10,bit,11,,1,0,,,,,aw_analog,false,,,
gw_aw_analog_static_12_10_10,aw_analog Static_12,3,10,bit,10,,1,0,,,,,aw_analog,false,,,
gw_aw_analog_static_13_10_9,aw_analog Static_13,3,10,bit,9,,1,0,,,,,aw_analog,false,,,
gw_aw_analog_static_14_10_8,aw_analog Static_14,3,10,bit,8,,1,0,,,,,aw_analog,false,,,
gw_aw_analog_przep_fi2_1_10_7,Przep_FI2.1,3,10,bit,7,,1,0,,,,,aw_analog,true,,,
gw_aw_analog_przep_fi4_1_10_6,Przep_FI4.1,3,10,bit,6,,1,0,,,,,aw_analog,true,,,
gw_aw_analog_przep_fi6_1_10_5,Przep_FI6.1,3,10,bit,5,,1,0,,,,,aw_analog,true,,,
gw_aw_analog_przep_fi7_1_10_4,Przep_FI7.1,3,10,bit,4,,1,0,,,,,aw_analog,true,,,
gw_aw_analog_static_15_10_3,aw_analog Static_15,3,10,bit,3,,1,0,,,,,aw_analog,false,,,
gw_aw_analog_static_16_10_2,aw_analog Static_16,3,10,bit,2,,1,0,,,,,aw_analog,false,,,
gw_aw_analog_static_17_10_1,aw_analog Static_17,3,10,bit,1,,1,0,,,,,aw_analog,false,,,
gw_aw_analog_static_18_10_0,aw_analog Static_18,3,10,bit,0,,1,0,,,,,aw_analog,false,,,
gw_aw_analog_static_1_11_15,aw_analog Static_1,3,11,bit,15,,1,0,,,,,aw_analog,false,,,
gw_aw_analog_static_2_11_14,aw_analog Static_2,3,11,bit,14,,1,0,,,,,aw_analog,false,,,
gw_aw_analog_static_3_11_13,aw_analog Static_3,3,11,bit,13,,1,0,,,,,aw_analog,false,,,
gw_aw_analog_static_4_11_12,aw_analog Static_4,3,11,bit,12,,1,0,,,,,aw_analog,false,,,
gw_aw_analog_static_5_11_11,aw_analog Static_5,3,11,bit,11,,1,0,,,,,aw_analog,false,,,
gw_aw_analog_static_6_11_10,aw_analog Static_6,3,11,bit,10,,1,0,,,,,aw_analog,false,,,
gw_aw_analog_static_7_11_9,aw_analog Static_7,3,11,bit,9,,1,0,,,,,aw_analog,false,,,
gw_aw_analog_static_8_11_8,aw_analog Static_8,3,11,bit,8,,1,0,,,,,aw_analog,false,,,
gw_aw_analog_static_9_11_7,aw_analog Static_9,3,11,bit,7,,1,0,,,,,aw_analog,false,,,
gw_aw_analog_static_10_11_6,aw_analog Static_10,3,11,bit,6,,1,0,,,,,aw_analog,false,,,
gw_aw_kom_aw_kom_analizator_12_15,aw_kom_analizator,3,12,bit,15,,1,0,,,,,aw_kom,true,,,
gw_aw_kom_aw_kom_atys_c35_12_14,aw_kom_ATyS c35,3,12,bit,14,,1,0,,,,,aw_kom,true,,,
gw_aw_kom_pq_surowa_12_13,PQ_surowa,3,12,bit,13,,1,0,,,,,aw_kom,true,,,
gw_aw_kom_pq_uzdatniona_12_12,PQ_uzdatniona,3,12,bit,12,,1,0,,,,,aw_kom,true,,,
gw_aw_kom_pq_siec_12_11,aw_kom PQ_siec,3,12,bit,11,,1,0,,,,,aw_kom,true,,,
gw_aw_kom_pq_pluczaca_12_10,PQ_pluczaca,3,12,bit,10,,1,0,,,,,aw_kom,true,,,
gw_aw_kom_static_15_12_9,aw_kom Static_15,3,12,bit,9,,1,0,,,,,aw_kom,false,,,
gw_aw_kom_static_11_12_8,aw_kom Static_11,3,12,bit,8,,1,0,,,,,aw_kom,false,,,
gw_aw_kom_static_1_12_7,aw_kom Static_1,3,12,bit,7,,1,0,,,,,aw_kom,false,,,
gw_aw_kom_static_2_12_6,aw_kom Static_2,3,12,bit,6,,1,0,,,,,aw_kom,false,,,
gw_aw_kom_static_3_12_5,aw_kom Static_3,3,12,bit,5,,1,0,,,,,aw_kom,false,,,
gw_aw_kom_static_4_12_4,aw_kom Static_4,3,12,bit,4,,1,0,,,,,aw_kom,false,,,
gw_aw_kom_static_5_12_3,aw_kom Static_5,3,12,bit,3,,1,0,,,,,aw_kom,false,,,
gw_aw_kom_static_6_12_2,aw_kom Static_6,3,12,bit,2,,1,0,,,,,aw_kom,false,,,
gw_aw_kom_static_7_12_1,aw_kom Static_7,3,12,bit,1,,1,0,,,,,aw_kom,false,,,
gw_aw_kom_static_8_12_0,aw_kom Static_8,3,12,bit,0,,1,0,,,,,aw_kom,false,,,
gw_aw_kom_static_9_13_15,aw_kom Static_9,3,13,bit,15,,1,0,,,,,aw_kom,false,,,
gw_aw_kom_aw_kom_apw_13_14,aw_kom_apw,3,13,bit,14,,1,0,,,,,aw_kom,true,,,
gw_aw_kom_static_10_13_13,aw_kom Static_10,3,13,bit,13,,1,0,,,,,aw_kom,false,,,
gw_aw_kom_static_12_13_12,aw_kom Static_12,3,13,bit,12,,1,0,,,,,aw_kom,false,,,
gw_aw_kom_static_14_13_11,aw_kom Static_14,3,13,bit,11,,1,0,,,,,aw_kom,false,,,
gw_aw_aw_pg1_1_15_15,"aw_PG1,1",3,15,bit,15,,1,0,,,,,aw,true,,,
gw_aw_aw_pg1_2_15_14,"aw_PG1,2",3,15,bit,14,,1,0,,,,,aw,true,,,
gw_aw_static_1_15_13,aw Static_1,3,15,bit,13,,1,0,,,,,aw,false,,,
gw_aw_aw_pp7_1_15_12,"aw_PP7,1",3,15,bit,12,,1,0,,,,,aw,true,,,
gw_aw_aw_spr8_1_15_11,aw_SPR8.1,3,15,bit,11,,1,0,,,,,aw,true,,,
gw_aw_aw_spr8_2_15_10,aw_SPR8.2,3,15,bit,10,,1,0,,,,,aw,true,,,
gw_aw_aw_agr_15_9,aw_AGR,3,15,bit,9,,1,0,,,,,aw,true,,,
gw_aw_cis_max_st1_15_8,cis_max_st1,3,15,bit,8,,1,0,,,,,aw,true,,,
gw_aw_cis_max_st2_15_7,cis_max_st2,3,15,bit,7,,1,0,,,,,aw,true,,,
gw_aw_static_2_15_6,aw Static_2,3,15,bit,6,,1,0,,,,,aw,false,,,
gw_aw_such_st1_15_5,such_st1,3,15,bit,5,,1,0,,,,,aw,true,,,
gw_aw_such_st2_15_4,such_st2,3,15,bit,4,,1,0,,,,,aw,true,,,
gw_aw_static_3_15_3,aw Static_3,3,15,bit,3,,1,0,,,,,aw,false,,,
gw_aw_wlamanie_studnie_15_2,wlamanie_studnie,3,15,bit,2,,1,0,,,,,aw,true,,,
gw_aw_przelanie_zmw_15_1,przelanie_zmw,3,15,bit,1,,1,0,,,,,aw,true,,,
gw_aw_suchobieg_zmw_15_0,suchobieg_zmw,3,15,bit,0,,1,0,,,,,aw,true,,,
gw_aw_wamanie_st_16_15,włamanie_ST,3,16,bit,15,,1,0,,,,,aw,true,,,
gw_aw_wamanie_zmw_16_14,włamanie_ZMW,3,16,bit,14,,1,0,,,,,aw,true,,,
gw_aw_zasil_siec_ok_16_13,zasil_siec_ok,3,16,bit,13,,1,0,,,,,aw,true,,,
gw_aw_zasil_agregat_ok_16_12,zasil_agregat_ok,3,16,bit,12,,1,0,,,,,aw,true,,,
gw_aw_aw_ps1_16_11,aw_PS1,3,16,bit,11,,1,0,,,,,aw,true,,,
gw_aw_aw_ps2_16_10,aw_PS2,3,16,bit,10,,1,0,,,,,aw,true,,,
gw_aw_aw_ps3_16_9,aw_PS3,3,16,bit,9,,1,0,,,,,aw,true,,,
gw_aw_aw_ps4_16_8,aw_PS4,3,16,bit,8,,1,0,,,,,aw,true,,,
gw_aw_static_6_16_7,aw Static_6,3,16,bit,7,,1,0,,,,,aw,false,,,
gw_aw_static_7_16_6,aw Static_7,3,16,bit,6,,1,0,,,,,aw,false,,,
gw_aw_aw_pd_16_5,aw_PD,3,16,bit,5,,1,0,,,,,aw,true,,,
gw_aw_static_9_16_4,aw Static_9,3,16,bit,4,,1,0,,,,,aw,false,,,
gw_aw_static_10_16_3,aw Static_10,3,16,bit,3,,1,0,,,,,aw,false,,,
gw_aw_aw_3_11_f1_p1_sur_16_2,"aw_3,11_F1_P1_sur",3,16,bit,2,,1,0,,,,,aw,true,,,
gw_aw_aw_3_12_f1_p2_popl_16_1,"aw_3,12_F1_P2_popl",3,16,bit,1,,1,0,,,,,aw,true,,,
gw_aw_aw_3_13_f1_p3_uzd_16_0,"aw_3,13_F1_P3_uzd",3,16,bit,0,,1,0,,,,,aw,true,,,
gw_aw_aw_3_14_f1_p4_plucz_17_15,"aw_3,14_F1_P4_plucz",3,17,bit,15,,1,0,,,,,aw,true,,,
gw_aw_aw_3_15_f1_p5_sp_1_f_17_14,"aw_3,15_F1_P5_sp_1_F",3,17,bit,14,,1,0,,,,,aw,true,,,
gw_aw_aw_3_21_f2_p1_sur_17_13,"aw_3,21_F2_P1_sur",3,17,bit,13,,1,0,,,,,aw,true,,,
gw_aw_aw_3_22_f2_p2_popl_17_12,"aw_3,22_F2_P2_popl",3,17,bit,12,,1,0,,,,,aw,true,,,
gw_aw_aw_3_23_f2_p3_uzd_17_11,"aw_3,23_F2_P3_uzd",3,17,bit,11,,1,0,,,,,aw,true,,,
gw_aw_aw_3_24_f2_p4_plucz_17_10,"aw_3,24_F2_P4_plucz",3,17,bit,10,,1,0,,,,,aw,true,,,
gw_aw_aw_3_25_f2_p5_sp_1_f_17_9,"aw_3,25_F2_P5_sp_1_F",3,17,bit,9,,1,0,,,,,aw,true,,,
gw_aw_aw_4_11_f3_p1_sur_17_8,"aw_4,11_F3_P1_sur",3,17,bit,8,,1,0,,,,,aw,true,,,
gw_aw_aw_4_12_f3_p2_popl_17_7,"aw_4,12_F3_P2_popl",3,17,bit,7,,1,0,,,,,aw,true,,,
gw_aw_aw_4_13_f3_p3_uzd_17_6,"aw_4,13_F3_P3_uzd",3,17,bit,6,,1,0,,,,,aw,true,,,
gw_aw_aw_4_14_f3_p4_plucz_17_5,"aw_4,14_F3_P4_plucz",3,17,bit,5,,1,0,,,,,aw,true,,,
gw_aw_aw_4_15_f3_p5_sp_1_f_17_4,"aw_4,15_F3_P5_sp_1_F",3,17,bit,4,,1,0,,,,,aw,true,,,
gw_aw_aw_4_21_f4_p1_sur_17_3,"aw_4,21_F4_P1_sur",3,17,bit,3,,1,0,,,,,aw,true,,,
gw_aw_aw_4_22_f4_p2_popl_17_2,"aw_4,22_F4_P2_popl",3,17,bit,2,,1,0,,,,,aw,true,,,
gw_aw_aw_4_23_f4_p3_uzd_17_1,"aw_4,23_F4_P3_uzd",3,17,bit,1,,1,0,,,,,aw,true,,,
gw_aw_aw_4_24_f4_p4_plucz_17_0,"aw_4,24_F4_P4_plucz",3,17,bit,0,,1,0,,,,,aw,true,,,
gw_aw_aw_4_25_f4_p5_sp_1_f_18_15,"aw_4,25_F4_P5_sp_1_F",3,18,bit,15,,1,0,,,,,aw,true,,,
gw_aw_static_5_18_14,aw Static_5,3,18,bit,14,,1,0,,,,,aw,false,,,
gw_aw_static_11_18_13,aw Static_11,3,18,bit,13,,1,0,,,,,aw,false,,,
gw_aw_static_12_18_12,aw Static_12,3,18,bit,12,,1,0,,,,,aw,false,,,
gw_aw_static_13_18_11,aw Static_13,3,18,bit,11,,1,0,,,,,aw,false,,,
gw_aw_static_14_18_10,aw Static_14,3,18,bit,10,,1,0,,,,,aw,false,,,
gw_aw_static_15_18_9,aw Static_15,3,18,bit,9,,1,0,,,,,aw,false,,,
gw_aw_static_16_18_8,aw Static_16,3,18,bit,8,,1,0,,,,,aw,false,,,
gw_aw_static_17_18_7,aw Static_17,3,18,bit,7,,1,0,,,,,aw,false,,,
gw_aw_static_18_18_6,aw Static_18,3,18,bit,6,,1,0,,,,,aw,false,,,
gw_aw_static_19_18_5,Static_19,3,18,bit,5,,1,0,,,,,aw,false,,,
gw_poz_zmw1_18,poz_ZMW1,3,18,float32,,,1,0,3,,,,,true,,low_high,big
gw_poz_zmw2_20,poz_ZMW2,3,20,float32,,,1,0,3,,,,,true,,low_high,big
gw_poz_pg1_22,poz_PG1,3,22,float32,,,1,0,3,,,,,true,,low_high,big
gw_poz_pg2_24,poz_PG2,3,24,float32,,,1,0,3,,,,,true,,low_high,big
gw_static_1_26,Static_1,3,26,float32,,,1,0,3,,,,,false,,low_high,big
gw_static_2_28,Static_2,3,28,float32,,,1,0,3,,,,,false,,low_high,big
gw_static_3_30,Static_3,3,30,float32,,,1,0,3,,,,,false,,low_high,big
gw_static_4_32,Static_4,3,32,float32,,,1,0,3,,,,,false,,low_high,big
gw_przep_surowa_34,przep_surowa,3,34,float32,,,1,0,3,,,,,true,,low_high,big
gw_przep_uzdatn_36,przep_uzdatn,3,36,float32,,,1,0,3,,,,,true,,low_high,big
gw_przep_siec_38,przep_siec,3,38,float32,,,1,0,3,,,,,true,,low_high,big
gw_przep_pluczaca_40,przep_pluczaca,3,40,float32,,,1,0,3,,,,,true,,low_high,big
gw_static_5_42,Static_5,3,42,float32,,,1,0,3,,,,,false,,low_high,big
gw_static_6_44,Static_6,3,44,float32,,,1,0,3,,,,,false,,low_high,big
gw_static_7_46,Static_7,3,46,float32,,,1,0,3,,,,,false,,low_high,big
gw_static_8_48,Static_8,3,48,float32,,,1,0,3,,,,,false,,low_high,big
gw_pq_sur_50,PQ_sur,3,50,float32,,,1,0,3,,,,,true,,low_high,big
gw_licz_pq_sur_52,licz_PQ_sur,3,52,uint32,,,1,0,,,,,,true,,low_high,big
gw_pq_uzd_54,PQ_uzd,3,54,float32,,,1,0,3,,,,,true,,low_high,big
gw_licz_pq_uzd_56,licz_PQ_uzd,3,56,uint32,,,1,0,,,,,,true,,low_high,big
gw_pq_siec_58,PQ_siec,3,58,float32,,,1,0,3,,,,,true,,low_high,big
gw_licz_pq_siec_60,licz_PQ_siec,3,60,uint32,,,1,0,,,,,,true,,low_high,big
gw_pq_plucz_62,PQ_plucz,3,62,float32,,,1,0,3,,,,,true,,low_high,big
gw_licz_pq_plucz_64,licz_PQ_plucz,3,64,uint32,,,1,0,,,,,,true,,low_high,big
gw_static_9_66,Static_9,3,66,float32,,,1,0,3,,,,,false,,low_high,big
gw_static_10_68,Static_10,3,68,uint32,,,1,0,,,,,,false,,low_high,big
gw_static_11_70,Static_11,3,70,float32,,,1,0,3,,,,,false,,low_high,big
gw_static_12_72,Static_12,3,72,uint32,,,1,0,,,,,,false,,low_high,big
gw_static_13_74,Static_13,3,74,float32,,,1,0,3,,,,,false,,low_high,big
gw_static_14_76,Static_14,3,76,uint32,,,1,0,,,,,,false,,low_high,big
gw_static_15_78,Static_15,3,78,float32,,,1,0,3,,,,,false,,low_high,big
gw_static_16_80,Static_16,3,80,uint32,,,1,0,,,,,,false,,low_high,big
gw_urzadzenie_pg_1_1_stan_82,Urzadzenie_pg_1.1 stan,3,82,int16,,,1,0,,,,,Urzadzenie_pg_1.1,true,,,
gw_urzadzenie_pg_1_1_tryb_83,Urzadzenie_pg_1.1 tryb,3,83,int16,,,1,0,,,,,Urzadzenie_pg_1.1,true,,,
gw_urzadzenie_pg_1_1_czas_pr_godz_84,Urzadzenie_pg_1.1 czas_pr_godz,3,84,uint32,,,1,0,,,,,Urzadzenie_pg_1.1,true,,low_high,big
gw_urzadzenie_pg_1_1_czas_pr_godz_r_86,Urzadzenie_pg_1.1 czas_pr_godz_R,3,86,uint32,,,1,0,,,,,Urzadzenie_pg_1.1,true,,low_high,big
gw_urzadzenie_pg_1_1_ilosc_zal_88,Urzadzenie_pg_1.1 ilosc_zal,3,88,uint32,,,1,0,,,,,Urzadzenie_pg_1.1,true,,low_high,big
gw_urzadzenie_pg_1_1_ilosc_zal_r_90,Urzadzenie_pg_1.1 ilosc_zal_R,3,90,uint32,,,1,0,,,,,Urzadzenie_pg_1.1,true,,low_high,big
gw_urzadzenie_pg_1_2_stan_92,Urzadzenie_pg_1.2 stan,3,92,int16,,,1,0,,,,,Urzadzenie_pg_1.2,true,,,
gw_urzadzenie_pg_1_2_tryb_93,Urzadzenie_pg_1.2 tryb,3,93,int16,,,1,0,,,,,Urzadzenie_pg_1.2,true,,,
gw_urzadzenie_pg_1_2_czas_pr_godz_94,Urzadzenie_pg_1.2 czas_pr_godz,3,94,uint32,,,1,0,,,,,Urzadzenie_pg_1.2,true,,low_high,big
gw_urzadzenie_pg_1_2_czas_pr_godz_r_96,Urzadzenie_pg_1.2 czas_pr_godz_R,3,96,uint32,,,1,0,,,,,Urzadzenie_pg_1.2,true,,low_high,big
gw_urzadzenie_pg_1_2_ilosc_zal_98,Urzadzenie_pg_1.2 ilosc_zal,3,98,uint32,,,1,0,,,,,Urzadzenie_pg_1.2,true,,low_high,big
gw_urzadzenie_pg_1_2_ilosc_zal_r_100,Urzadzenie_pg_1.2 ilosc_zal_R,3,100,uint32,,,1,0,,,,,Urzadzenie_pg_1.2,true,,low_high,big
gw_static_152_stan_102,Static_152 stan,3,102,int16,,,1,0,,,,,Static_152,true,,,
gw_static_152_tryb_103,Static_152 tryb,3,103,int16,,,1,0,,,,,Static_152,true,,,
gw_static_152_czas_pr_godz_104,Static_152 czas_pr_godz,3,104,uint32,,,1,0,,,,,Static_152,true,,low_high,big
gw_static_152_czas_pr_godz_r_106,Static_152 czas_pr_godz_R,3,106,uint32,,,1,0,,,,,Static_152,true,,low_high,big
gw_static_152_ilosc_zal_108,Static_152 ilosc_zal,3,108,uint32,,,1,0,,,,,Static_152,true,,low_high,big
gw_static_152_ilosc_zal_r_110,Static_152 ilosc_zal_R,3,110,uint32,,,1,0,,,,,Static_152,true,,low_high,big
gw_urzadzenie_spr_8_1_stan_112,Urzadzenie_spr_8.1 stan,3,112,int16,,,1,0,,,,,Urzadzenie_spr_8.1,true,,,
gw_urzadzenie_spr_8_1_tryb_113,Urzadzenie_spr_8.1 tryb,3,113,int16,,,1,0,,,,,Urzadzenie_spr_8.1,true,,,
gw_urzadzenie_spr_8_1_czas_pr_godz_114,Urzadzenie_spr_8.1 czas_pr_godz,3,114,uint32,,,1,0,,,,,Urzadzenie_spr_8.1,true,,low_high,big
gw_urzadzenie_spr_8_1_czas_pr_godz_r_116,Urzadzenie_spr_8.1 czas_pr_godz_R,3,116,uint32,,,1,0,,,,,Urzadzenie_spr_8.1,true,,low_high,big
gw_urzadzenie_spr_8_1_ilosc_zal_118,Urzadzenie_spr_8.1 ilosc_zal,3,118,uint32,,,1,0,,,,,Urzadzenie_spr_8.1,true,,low_high,big
gw_urzadzenie_spr_8_1_ilosc_zal_r_120,Urzadzenie_spr_8.1 ilosc_zal_R,3,120,uint32,,,1,0,,,,,Urzadzenie_spr_8.1,true,,low_high,big
gw_urzadzenie_spr_8_2_stan_122,Urzadzenie_spr_8.2 stan,3,122,int16,,,1,0,,,,,Urzadzenie_spr_8.2,true,,,
gw_urzadzenie_spr_8_2_tryb_123,Urzadzenie_spr_8.2 tryb,3,123,int16,,,1,0,,,,,Urzadzenie_spr_8.2,true,,,
gw_urzadzenie_spr_8_2_czas_pr_godz_124,Urzadzenie_spr_8.2 czas_pr_godz,3,124,uint32,,,1,0,,,,,Urzadzenie_spr_8.2,true,,low_high,big
gw_urzadzenie_spr_8_2_czas_pr_godz_r_126,Urzadzenie_spr_8.2 czas_pr_godz_R,3,126,uint32,,,1,0,,,,,Urzadzenie_spr_8.2,true,,low_high,big
gw_urzadzenie_spr_8_2_ilosc_zal_128,Urzadzenie_spr_8.2 ilosc_zal,3,128,uint32,,,1,0,,,,,Urzadzenie_spr_8.2,true,,low_high,big
gw_urzadzenie_spr_8_2_ilosc_zal_r_130,Urzadzenie_spr_8.2 ilosc_zal_R,3,130,uint32,,,1,0,,,,,Urzadzenie_spr_8.2,true,,low_high,big
gw_urzadzenie_pp7_1_stan_132,Urzadzenie_pp7.1 stan,3,132,int16,,,1,0,,,,,Urzadzenie_pp7.1,true,,,
gw_urzadzenie_pp7_1_tryb_133,Urzadzenie_pp7.1 tryb,3,133,int16,,,1,0,,,,,Urzadzenie_pp7.1,true,,,
gw_urzadzenie_pp7_1_czas_pr_godz_134,Urzadzenie_pp7.1 czas_pr_godz,3,134,uint32,,,1,0,,,,,Urzadzenie_pp7.1,true,,low_high,big
gw_urzadzenie_pp7_1_czas_pr_godz_r_136,Urzadzenie_pp7.1 czas_pr_godz_R,3,136,uint32,,,1,0,,,,,Urzadzenie_pp7.1,true,,low_high,big
gw_urzadzenie_pp7_1_ilosc_zal_138,Urzadzenie_pp7.1 ilosc_zal,3,138,uint32,,,1,0,,,,,Urzadzenie_pp7.1,true,,low_high,big
gw_urzadzenie_pp7_1_ilosc_zal_r_140,Urzadzenie_pp7.1 ilosc_zal_R,3,140,uint32,,,1,0,,,,,Urzadzenie_pp7.1,true,,low_high,big
gw_urzadzenie_agr_stan_142,Urzadzenie_AGR stan,3,142,int16,,,1,0,,,,,Urzadzenie_AGR,true,,,
gw_urzadzenie_agr_tryb_143,Urzadzenie_AGR tryb,3,143,int16,,,1,0,,,,,Urzadzenie_AGR,true,,,
gw_urzadzenie_agr_czas_pr_godz_144,Urzadzenie_AGR czas_pr_godz,3,144,uint32,,,1,0,,,,,Urzadzenie_AGR,true,,low_high,big
gw_urzadzenie_agr_czas_pr_godz_r_146,Urzadzenie_AGR czas_pr_godz_R,3,146,uint32,,,1,0,,,,,Urzadzenie_AGR,true,,low_high,big
gw_urzadzenie_agr_ilosc_zal_148,Urzadzenie_AGR ilosc_zal,3,148,uint32,,,1,0,,,,,Urzadzenie_AGR,true,,low_high,big
gw_urzadzenie_agr_ilosc_zal_r_150,Urzadzenie_AGR ilosc_zal_R,3,150,uint32,,,1,0,,,,,Urzadzenie_AGR,true,,low_high,big
gw_urzadzenie_ps1_stan_152,Urzadzenie_PS1 stan,3,152,int16,,,1,0,,,,,Urzadzenie_PS1,true,,,
gw_urzadzenie_ps1_tryb_153,Urzadzenie_PS1 tryb,3,153,int16,,,1,0,,,,,Urzadzenie_PS1,true,,,
gw_urzadzenie_ps1_czas_pr_godz_154,Urzadzenie_PS1 czas_pr_godz,3,154,uint32,,,1,0,,,,,Urzadzenie_PS1,true,,low_high,big
gw_urzadzenie_ps1_czas_pr_godz_r_156,Urzadzenie_PS1 czas_pr_godz_R,3,156,uint32,,,1,0,,,,,Urzadzenie_PS1,true,,low_high,big
gw_urzadzenie_ps1_ilosc_zal_158,Urzadzenie_PS1 ilosc_zal,3,158,uint32,,,1,0,,,,,Urzadzenie_PS1,true,,low_high,big
gw_urzadzenie_ps1_ilosc_zal_r_160,Urzadzenie_PS1 ilosc_zal_R,3,160,uint32,,,1,0,,,,,Urzadzenie_PS1,true,,low_high,big
gw_urzadzenie_ps2_stan_162,Urzadzenie_PS2 stan,3,162,int16,,,1,0,,,,,Urzadzenie_PS2,true,,,
gw_urzadzenie_ps2_tryb_163,Urzadzenie_PS2 tryb,3,163,int16,,,1,0,,,,,Urzadzenie_PS2,true,,,
gw_urzadzenie_ps2_czas_pr_godz_164,Urzadzenie_PS2 czas_pr_godz,3,164,uint32,,,1,0,,,,,Urzadzenie_PS2,true,,low_high,big
gw_urzadzenie_ps2_czas_pr_godz_r_166,Urzadzenie_PS2 czas_pr_godz_R,3,166,uint32,,,1,0,,,,,Urzadzenie_PS2,true,,low_high,big
gw_urzadzenie_ps2_ilosc_zal_168,Urzadzenie_PS2 ilosc_zal,3,168,uint32,,,1,0,,,,,Urzadzenie_PS2,true,,low_high,big
gw_urzadzenie_ps2_ilosc_zal_r_170,Urzadzenie_PS2 ilosc_zal_R,3,170,uint32,,,1,0,,,,,Urzadzenie_PS2,true,,low_high,big
gw_urzadzenie_ps3_stan_172,Urzadzenie_PS3 stan,3,172,int16,,,1,0,,,,,Urzadzenie_PS3,true,,,
gw_urzadzenie_ps3_tryb_173,Urzadzenie_PS3 tryb,3,173,int16,,,1,0,,,,,Urzadzenie_PS3,true,,,
gw_urzadzenie_ps3_czas_pr_godz_174,Urzadzenie_PS3 czas_pr_godz,3,174,uint32,,,1,0,,,,,Urzadzenie_PS3,true,,low_high,big
gw_urzadzenie_ps3_czas_pr_godz_r_176,Urzadzenie_PS3 czas_pr_godz_R,3,176,uint32,,,1,0,,,,,Urzadzenie_PS3,true,,low_high,big
gw_urzadzenie_ps3_ilosc_zal_178,Urzadzenie_PS3 ilosc_zal,3,178,uint32,,,1,0,,,,,Urzadzenie_PS3,true,,low_high,big
gw_urzadzenie_ps3_ilosc_zal_r_180,Urzadzenie_PS3 ilosc_zal_R,3,180,uint32,,,1,0,,,,,Urzadzenie_PS3,true,,low_high,big
gw_urzadzenie_ps4_stan_182,Urzadzenie_PS4 stan,3,182,int16,,,1,0,,,,,Urzadzenie_PS4,true,,,
gw_urzadzenie_ps4_tryb_183,Urzadzenie_PS4 tryb,3,183,int16,,,1,0,,,,,Urzadzenie_PS4,true,,,
gw_urzadzenie_ps4_czas_pr_godz_184,Urzadzenie_PS4 czas_pr_godz,3,184,uint32,,,1,0,,,,,Urzadzenie_PS4,true,,low_high,big
gw_urzadzenie_ps4_czas_pr_godz_r_186,Urzadzenie_PS4 czas_pr_godz_R,3,186,uint32,,,1,0,,,,,Urzadzenie_PS4,true,,low_high,big
gw_urzadzenie_ps4_ilosc_zal_188,Urzadzenie_PS4 ilosc_zal,3,188,uint32,,,1,0,,,,,Urzadzenie_PS4,true,,low_high,big
gw_urzadzenie_ps4_ilosc_zal_r_190,Urzadzenie_PS4 ilosc_zal_R,3,190,uint32,,,1,0,,,,,Urzadzenie_PS4,true,,low_high,big
gw_static_17_stan_192,Static_17 stan,3,192,int16,,,1,0,,,,,Static_17,true,,,
gw_static_17_tryb_193,Static_17 tryb,3,193,int16,,,1,0,,,,,Static_17,true,,,
gw_static_17_czas_pr_godz_194,Static_17 czas_pr_godz,3,194,uint32,,,1,0,,,,,Static_17,true,,low_high,big
gw_static_17_czas_pr_godz_r_196,Static_17 czas_pr_godz_R,3,196,uint32,,,1,0,,,,,Static_17,true,,low_high,big
gw_static_17_ilosc_zal_198,Static_17 ilosc_zal,3,198,uint32,,,1,0,,,,,Static_17,true,,low_high,big
gw_static_17_ilosc_zal_r_200,Static_17 ilosc_zal_R,3,200,uint32,,,1,0,,,,,Static_17,true,,low_high,big
gw_static_18_stan_202,Static_18 stan,3,202,int16,,,1,0,,,,,Static_18,true,,,
gw_static_18_tryb_203,Static_18 tryb,3,203,int16,,,1,0,,,,,Static_18,true,,,
gw_static_18_czas_pr_godz_204,Static_18 czas_pr_godz,3,204,uint32,,,1,0,,,,,Static_18,true,,low_high,big
gw_static_18_czas_pr_godz_r_206,Static_18 czas_pr_godz_R,3,206,uint32,,,1,0,,,,,Static_18,true,,low_high,big
gw_static_18_ilosc_zal_208,Static_18 ilosc_zal,3,208,uint32,,,1,0,,,,,Static_18,true,,low_high,big
gw_static_18_ilosc_zal_r_210,Static_18 ilosc_zal_R,3,210,uint32,,,1,0,,,,,Static_18,true,,low_high,big
gw_static_19_stan_212,Static_19 stan,3,212,int16,,,1,0,,,,,Static_19,true,,,
gw_static_19_tryb_213,Static_19 tryb,3,213,int16,,,1,0,,,,,Static_19,true,,,
gw_static_19_czas_pr_godz_214,Static_19 czas_pr_godz,3,214,uint32,,,1,0,,,,,Static_19,true,,low_high,big
gw_static_19_czas_pr_godz_r_216,Static_19 czas_pr_godz_R,3,216,uint32,,,1,0,,,,,Static_19,true,,low_high,big
gw_static_19_ilosc_zal_218,Static_19 ilosc_zal,3,218,uint32,,,1,0,,,,,Static_19,true,,low_high,big
gw_static_19_ilosc_zal_r_220,Static_19 ilosc_zal_R,3,220,uint32,,,1,0,,,,,Static_19,true,,low_high,big
gw_static_20_stan_222,Static_20 stan,3,222,int16,,,1,0,,,,,Static_20,true,,,
gw_static_20_tryb_223,Static_20 tryb,3,223,int16,,,1,0,,,,,Static_20,true,,,
gw_static_20_czas_pr_godz_224,Static_20 czas_pr_godz,3,224,uint32,,,1,0,,,,,Static_20,true,,low_high,big
gw_static_20_czas_pr_godz_r_226,Static_20 czas_pr_godz_R,3,226,uint32,,,1,0,,,,,Static_20,true,,low_high,big
gw_static_20_ilosc_zal_228,Static_20 ilosc_zal,3,228,uint32,,,1,0,,,,,Static_20,true,,low_high,big
gw_static_20_ilosc_zal_r_230,Static_20 ilosc_zal_R,3,230,uint32,,,1,0,,,,,Static_20,true,,low_high,big
gw_static_21_stan_232,Static_21 stan,3,232,int16,,,1,0,,,,,Static_21,true,,,
gw_static_21_tryb_233,Static_21 tryb,3,233,int16,,,1,0,,,,,Static_21,true,,,
gw_static_21_czas_pr_godz_234,Static_21 czas_pr_godz,3,234,uint32,,,1,0,,,,,Static_21,true,,low_high,big
gw_static_21_czas_pr_godz_r_236,Static_21 czas_pr_godz_R,3,236,uint32,,,1,0,,,,,Static_21,true,,low_high,big
gw_static_21_ilosc_zal_238,Static_21 ilosc_zal,3,238,uint32,,,1,0,,,,,Static_21,true,,low_high,big
gw_static_21_ilosc_zal_r_240,Static_21 ilosc_zal_R,3,240,uint32,,,1,0,,,,,Static_21,true,,low_high,big
gw_data_pluk_f1_242,data_pluk_F1,3,242,uint32,,,1,0,,,,,,true,,low_high,big
gw_data_pluk_f2_244,data_pluk_F2,3,244,uint32,,,1,0,,,,,,true,,low_high,big
gw_data_pluk_f3_246,data_pluk_F3,3,246,uint32,,,1,0,,,,,,true,,low_high,big
gw_data_pluk_f4_248,data_pluk_F4,3,248,uint32,,,1,0,,,,,,true,,low_high,big
gw_static_153_250,Static_153,3,250,uint32,,,1,0,,,,,,false,,low_high,big
gw_static_154_252,Static_154,3,252,uint32,,,1,0,,,,,,false,,low_high,big
gw_static_22_254,Static_22,3,254,uint32,,,1,0,,,,,,false,,low_high,big
gw_static_23_256,Static_23,3,256,uint32,,,1,0,,,,,,false,,low_high,big
gw_static_24_258,Static_24,3,258,uint32,,,1,0,,,,,,false,,low_high,big
gw_static_25_260,Static_25,3,260,uint32,,,1,0,,,,,,false,,low_high,big
gw_godz_pluk_f1_262,godz_pluk_F1,3,262,uint16,,,1,0,,,,,,true,,,
gw_godz_pluk_f2_263,godz_pluk_F2,3,263,uint16,,,1,0,,,,,,true,,,
gw_godz_pluk_f3_264,godz_pluk_F3,3,264,uint16,,,1,0,,,,,,true,,,
gw_godz_pluk_f4_265,godz_pluk_F4,3,265,uint16,,,1,0,,,,,,true,,,
gw_static_155_266,Static_155,3,266,uint16,,,1,0,,,,,,false,,,
gw_static_156_267,Static_156,3,267,uint16,,,1,0,,,,,,false,,,
gw_static_26_268,Static_26,3,268,uint16,,,1,0,,,,,,false,,,
gw_static_27_269,Static_27,3,269,uint16,,,1,0,,,,,,false,,,
gw_static_28_270,Static_28,3,270,uint16,,,1,0,,,,,,false,,,
gw_static_29_271,Static_29,3,271,uint16,,,1,0,,,,,,false,,,
gw_rok_pluk_f1_272,rok_pluk_F1,3,272,uint32,,,1,0,,,,,,true,,low_high,big
gw_rok_pluk_f2_274,rok_pluk_F2,3,274,uint32,,,1,0,,,,,,true,,low_high,big
gw_rok_pluk_f3_276,rok_pluk_F3,3,276,uint32,,,1,0,,,,,,true,,low_high,big
gw_rok_pluk_f4_278,rok_pluk_F4,3,278,uint32,,,1,0,,,,,,true,,low_high,big
gw_static_157_280,Static_157,3,280,uint32,,,1,0,,,,,,false,,low_high,big
gw_static_158_282,Static_158,3,282,uint32,,,1,0,,,,,,false,,low_high,big
gw_static_30_284,Static_30,3,284,uint32,,,1,0,,,,,,false,,low_high,big
gw_static_31_286,Static_31,3,286,uint32,,,1,0,,,,,,false,,low_high,big
gw_static_32_288,Static_32,3,288,uint32,,,1,0,,,,,,false,,low_high,big
gw_static_33_290,Static_33,3,290,uint32,,,1,0,,,,,,false,,low_high,big
gw_czas_pr_min_f1_292,czas_pr_min_F1,3,292,uint32,,,1,0,,,,,,true,,low_high,big
gw_czas_pr_godz_f1_294,czas_pr_godz_F1,3,294,uint32,,,1,0,,,,,,true,,low_high,big
gw_czas_pr_min_f2_296,czas_pr_min_F2,3,296,uint32,,,1,0,,,,,,true,,low_high,big
gw_czas_pr_godz_f2_298,czas_pr_godz_F2,3,298,uint32,,,1,0,,,,,,true,,low_high,big
gw_czas_pr_min_f3_300,czas_pr_min_F3,3,300,uint32,,,1,0,,,,,,true,,low_high,big
gw_czas_pr_godz_f3_302,czas_pr_godz_F3,3,302,uint32,,,1,0,,,,,,true,,low_high,big
gw_czas_pr_min_f4_304,czas_pr_min_F4,3,304,uint32,,,1,0,,,,,,true,,low_high,big
gw_czas_pr_godz_f4_306,czas_pr_godz_F4,3,306,uint32,,,1,0,,,,,,true,,low_high,big
gw_static_159_308,Static_159,3,308,uint32,,,1,0,,,,,,false,,low_high,big
gw_static_160_310,Static_160,3,310,uint32,,,1,0,,,,,,false,,low_high,big
gw_static_161_312,Static_161,3,312,uint32,,,1,0,,,,,,false,,low_high,big
gw_static_162_314,Static_162,3,314,uint32,,,1,0,,,,,,false,,low_high,big
gw_static_34_316,Static_34,3,316,uint32,,,1,0,,,,,,false,,low_high,big
gw_static_35_318,Static_35,3,318,uint32,,,1,0,,,,,,false,,low_high,big
gw_static_36_320,Static_36,3,320,uint32,,,1,0,,,,,,false,,low_high,big
gw_static_37_322,Static_37,3,322,uint32,,,1,0,,,,,,false,,low_high,big
gw_static_38_324,Static_38,3,324,uint32,,,1,0,,,,,,false,,low_high,big
gw_static_39_326,Static_39,3,326,uint32,,,1,0,,,,,,false,,low_high,big
gw_static_40_328,Static_40,3,328,uint32,,,1,0,,,,,,false,,low_high,big
gw_static_41_330,Static_41,3,330,uint32,,,1,0,,,,,,false,,low_high,big
gw_czas_pr_min_f1_r_332,czas_pr_min_F1_R,3,332,uint32,,,1,0,,,,,,true,,low_high,big
gw_czas_pr_godz_f1_r_334,czas_pr_godz_F1_R,3,334,uint32,,,1,0,,,,,,true,,low_high,big
gw_czas_pr_min_f2_r_336,czas_pr_min_F2_R,3,336,uint32,,,1,0,,,,,,true,,low_high,big
gw_czas_pr_godz_f2_r_338,czas_pr_godz_F2_R,3,338,uint32,,,1,0,,,,,,true,,low_high,big
gw_czas_pr_min_f3_r_340,czas_pr_min_F3_R,3,340,uint32,,,1,0,,,,,,true,,low_high,big
gw_czas_pr_godz_f3_r_342,czas_pr_godz_F3_R,3,342,uint32,,,1,0,,,,,,true,,low_high,big
gw_czas_pr_min_f4_r_344,czas_pr_min_F4_R,3,344,uint32,,,1,0,,,,,,true,,low_high,big
gw_czas_pr_godz_f4_r_346,czas_pr_godz_F4_R,3,346,uint32,,,1,0,,,,,,true,,low_high,big
gw_static_163_348,Static_163,3,348,uint32,,,1,0,,,,,,false,,low_high,big
gw_static_164_350,Static_164,3,350,uint32,,,1,0,,,,,,false,,low_high,big
gw_static_165_352,Static_165,3,352,uint32,,,1,0,,,,,,false,,low_high,big
gw_static_166_354,Static_166,3,354,uint32,,,1,0,,,,,,false,,low_high,big
gw_static_42_356,Static_42,3,356,uint32,,,1,0,,,,,,false,,low_high,big
gw_static_43_358,Static_43,3,358,uint32,,,1,0,,,,,,false,,low_high,big
gw_static_44_360,Static_44,3,360,uint32,,,1,0,,,,,,false,,low_high,big
gw_static_45_362,Static_45,3,362,uint32,,,1,0,,,,,,false,,low_high,big
gw_static_46_364,Static_46,3,364,uint32,,,1,0,,,,,,false,,low_high,big
gw_static_47_366,Static_47,3,366,uint32,,,1,0,,,,,,false,,low_high,big
gw_static_48_368,Static_48,3,368,uint32,,,1,0,,,,,,false,,low_high,big
gw_static_49_370,Static_49,3,370,uint32,,,1,0,,,,,,false,,low_high,big
gw_licznik_f1_przeplyw_372,licznik_F1_przeplyw,3,372,uint32,,,1,0,,,,,,true,,low_high,big
gw_licznik_f2_przeplyw_374,licznik_F2_przeplyw,3,374,uint32,,,1,0,,,,,,true,,low_high,big
gw_licznik_f3_przeplyw_376,licznik_F3_przeplyw,3,376,uint32,,,1,0,,,,,,true,,low_high,big
gw_licznik_f4_przeplyw_378,licznik_F4_przeplyw,3,378,uint32,,,1,0,,,,,,true,,low_high,big
gw_static_167_380,Static_167,3,380,uint32,,,1,0,,,,,,false,,low_high,big
gw_static_168_382,Static_168,3,382,uint32,,,1,0,,,,,,false,,low_high,big
gw_static_50_384,Static_50,3,384,uint32,,,1,0,,,,,,false,,low_high,big
gw_static_51_386,Static_51,3,386,uint32,,,1,0,,,,,,false,,low_high,big
gw_static_52_388,Static_52,3,388,uint32,,,1,0,,,,,,false,,low_high,big
gw_static_53_390,Static_53,3,390,uint32,,,1,0,,,,,,false,,low_high,big
gw_czas_do_pluk_f1_392,czas_do_pluk_F1,3,392,int32,,,1,0,,,,,,true,,low_high,big
gw_czas_do_pluk_f2_394,czas_do_pluk_F2,3,394,int32,,,1,0,,,,,,true,,low_high,big
gw_czas_do_pluk_f3_396,czas_do_pluk_F3,3,396,int32,,,1,0,,,,,,true,,low_high,big
gw_czas_do_pluk_f4_398,czas_do_pluk_F4,3,398,int32,,,1,0,,,,,,true,,low_high,big
gw_static_169_400,Static_169,3,400,int32,,,1,0,,,,,,false,,low_high,big
gw_static_170_402,Static_170,3,402,int32,,,1,0,,,,,,false,,low_high,big
gw_static_54_404,Static_54,3,404,int32,,,1,0,,,,,,false,,low_high,big
gw_static_55_406,Static_55,3,406,int32,,,1,0,,,,,,false,,low_high,big
gw_static_56_408,Static_56,3,408,int32,,,1,0,,,,,,false,,low_high,big
gw_static_57_410,Static_57,3,410,int32,,,1,0,,,,,,false,,low_high,big
gw_pobor_do_pluk_f1_412,pobor_do_pluk_F1,3,412,int32,,,1,0,,,,,,true,,low_high,big
gw_pobor_do_pluk_f2_414,pobor_do_pluk_F2,3,414,int32,,,1,0,,,,,,true,,low_high,big
gw_pobor_do_pluk_f3_416,pobor_do_pluk_F3,3,416,int32,,,1,0,,,,,,true,,low_high,big
gw_pobor_do_pluk_f4_418,pobor_do_pluk_F4,3,418,int32,,,1,0,,,,,,true,,low_high,big
gw_static_171_420,Static_171,3,420,int32,,,1,0,,,,,,false,,low_high,big
gw_static_172_422,Static_172,3,422,int32,,,1,0,,,,,,false,,low_high,big
gw_static_58_424,Static_58,3,424,int32,,,1,0,,,,,,false,,low_high,big
gw_static_59_426,Static_59,3,426,int32,,,1,0,,,,,,false,,low_high,big
gw_static_60_428,Static_60,3,428,int32,,,1,0,,,,,,false,,low_high,big
gw_static_61_430,Static_61,3,430,int32,,,1,0,,,,,,false,,low_high,big
gw_aw_jest_plukanie_f1_432_15,Jest_plukanie_F1,3,432,bit,15,,1,0,,,,,aw,true,,,
gw_aw_jest_plukanie_f2_432_14,Jest_plukanie_F2,3,432,bit,14,,1,0,,,,,aw,true,,,
gw_aw_jest_plukanie_f3_432_13,Jest_plukanie_F3,3,432,bit,13,,1,0,,,,,aw,true,,,
gw_aw_jest_plukanie_f4_432_12,Jest_plukanie_F4,3,432,bit,12,,1,0,,,,,aw,true,,,
gw_aw_static_173_432_11,Static_173,3,432,bit,11,,1,0,,,,,aw,false,,,
gw_aw_static_174_432_10,Static_174,3,432,bit,10,,1,0,,,,,aw,false,,,
gw_aw_static_62_432_9,Static_62,3,432,bit,9,,1,0,,,,,aw,false,,,
gw_aw_static_63_432_8,Static_63,3,432,bit,8,,1,0,,,,,aw,false,,,
gw_aw_static_64_432_7,Static_64,3,432,bit,7,,1,0,,,,,aw,false,,,
gw_aw_static_65_432_6,Static_65,3,432,bit,6,,1,0,,,,,aw,false,,,
gw_nr_fazy_f1_433,nr_fazy_F1,3,433,int16,,,1,0,,,,,,true,,,
gw_nr_fazy_f2_434,nr_fazy_F2,3,434,int16,,,1,0,,,,,,true,,,
gw_nr_fazy_f3_435,nr_fazy_F3,3,435,int16,,,1,0,,,,,,true,,,
gw_nr_fazy_f4_436,nr_fazy_F4,3,436,int16,,,1,0,,,,,,true,,,
gw_static_175_437,Static_175,3,437,int16,,,1,0,,,,,,false,,,
gw_static_176_438,Static_176,3,438,int16,,,1,0,,,,,,false,,,
gw_static_66_439,Static_66,3,439,int16,,,1,0,,,,,,false,,,
gw_static_67_440,Static_67,3,440,int16,,,1,0,,,,,,false,,,
gw_static_68_441,Static_68,3,441,int16,,,1,0,,,,,,false,,,
gw_static_69_442,Static_69,3,442,int16,,,1,0,,,,,,false,,,
gw_do_konca_s_f1_443,do_konca_s_F1,3,443,int16,,,1,0,,,,,,true,,,
gw_do_konca_s_f2_444,do_konca_s_F2,3,444,int16,,,1,0,,,,,,true,,,
gw_do_konca_s_f3_445,do_konca_s_F3,3,445,int16,,,1,0,,,,,,true,,,
gw_do_konca_s_f4_446,do_konca_s_F4,3,446,int16,,,1,0,,,,,,true,,,
gw_static_177_447,Static_177,3,447,int16,,,1,0,,,,,,false,,,
gw_static_178_448,Static_178,3,448,int16,,,1,0,,,,,,false,,,
gw_static_70_449,Static_70,3,449,int16,,,1,0,,,,,,false,,,
gw_static_71_450,Static_71,3,450,int16,,,1,0,,,,,,false,,,
gw_static_72_451,Static_72,3,451,int16,,,1,0,,,,,,false,,,
gw_static_73_452,Static_73,3,452,int16,,,1,0,,,,,,false,,,
gw_aw_nie_doplukany_1_453_15,nie_doplukany_1,3,453,bit,15,,1,0,,,,,aw,true,,,
gw_aw_nie_doplukany_2_453_14,nie_doplukany_2,3,453,bit,14,,1,0,,,,,aw,true,,,
gw_aw_nie_doplukany_3_453_13,nie_doplukany_3,3,453,bit,13,,1,0,,,,,aw,true,,,
gw_aw_nie_doplukany_4_453_12,nie_doplukany_4,3,453,bit,12,,1,0,,,,,aw,true,,,
gw_aw_static_179_453_11,Static_179,3,453,bit,11,,1,0,,,,,aw,false,,,
gw_aw_static_180_453_10,Static_180,3,453,bit,10,,1,0,,,,,aw,false,,,
gw_aw_static_74_453_9,Static_74,3,453,bit,9,,1,0,,,,,aw,false,,,
gw_aw_static_75_453_8,Static_75,3,453,bit,8,,1,0,,,,,aw,false,,,
gw_aw_static_76_453_7,Static_76,3,453,bit,7,,1,0,,,,,aw,false,,,
gw_aw_static_77_453_6,Static_77,3,453,bit,6,,1,0,,,,,aw,false,,,
gw_licznik_f1_pluk_454,licznik_F1_pluk,3,454,uint32,,,1,0,,,,,,true,,low_high,big
gw_licznik_f2_pluk_456,licznik_F2_pluk,3,456,uint32,,,1,0,,,,,,true,,low_high,big
gw_licznik_f3_pluk_458,licznik_F3_pluk,3,458,uint32,,,1,0,,,,,,true,,low_high,big
gw_licznik_f4_pluk_460,licznik_F4_pluk,3,460,uint32,,,1,0,,,,,,true,,low_high,big
gw_static_181_462,Static_181,3,462,uint32,,,1,0,,,,,,false,,low_high,big
gw_static_182_464,Static_182,3,464,uint32,,,1,0,,,,,,false,,low_high,big
gw_static_78_466,Static_78,3,466,uint32,,,1,0,,,,,,false,,low_high,big
gw_static_79_468,Static_79,3,468,uint32,,,1,0,,,,,,false,,low_high,big
gw_static_80_470,Static_80,3,470,uint32,,,1,0,,,,,,false,,low_high,big
gw_static_81_472,Static_81,3,472,uint32,,,1,0,,,,,,false,,low_high,big
gw_licznik_f1_r_pluk_474,licznik_F1_R_pluk,3,474,uint32,,,1,0,,,,,,true,,low_high,big
gw_licznik_f2_r_pluk_476,licznik_F2_R_pluk,3,476,uint32,,,1,0,,,,,,true,,low_high,big
gw_licznik_f3_r_pluk_478,licznik_F3_R_pluk,3,478,uint32,,,1,0,,,,,,true,,low_high,big
gw_licznik_f4_r_pluk_480,licznik_F4_R_pluk,3,480,uint32,,,1,0,,,,,,true,,low_high,big
gw_static_183_482,Static_183,3,482,uint32,,,1,0,,,,,,false,,low_high,big
gw_static_184_484,Static_184,3,484,uint32,,,1,0,,,,,,false,,low_high,big
gw_static_82_486,Static_82,3,486,uint32,,,1,0,,,,,,false,,low_high,big
gw_static_83_488,Static_83,3,488,uint32,,,1,0,,,,,,false,,low_high,big
gw_static_84_490,Static_84,3,490,uint32,,,1,0,,,,,,false,,low_high,big
gw_static_85_492,Static_85,3,492,uint32,,,1,0,,,,,,false,,low_high,big
gw_voltage_v1n_494,Voltage_V1N,3,494,float32,,,1,0,3,,,,,true,,low_high,big
gw_voltage_v2n_496,Voltage_V2N,3,496,float32,,,1,0,3,,,,,true,,low_high,big
gw_voltage_v3n_498,Voltage_V3N,3,498,float32,,,1,0,3,,,,,true,,low_high,big
gw_avg_voltage_ln_500,Avg_Voltage_LN,3,500,float32,,,1,0,3,,,,,true,,low_high,big
gw_voltage_v12_502,Voltage_V12,3,502,float32,,,1,0,3,,,,,true,,low_high,big
gw_voltage_v23_504,Voltage_V23,3,504,float32,,,1,0,3,,,,,true,,low_high,big
gw_voltage_v31_506,Voltage_V31,3,506,float32,,,1,0,3,,,,,true,,low_high,big
gw_avg_voltage_ll_508,Avg_Voltage_LL,3,508,float32,,,1,0,3,,,,,true,,low_high,big
gw_current_i1_510,Current_I1,3,510,float32,,,1,0,3,,,,,true,,low_high,big
gw_current_i2_512,Current_I2,3,512,float32,,,1,0,3,,,,,true,,low_high,big
gw_current_i3_514,Current_I3,3,514,float32,,,1,0,3,,,,,true,,low_high,big
gw_avg_current_516,Avg_Current,3,516,float32,,,1,0,3,,,,,true,,low_high,big
gw_kw1_518,kW1,3,518,float32,,,1,0,3,,,,,true,,low_high,big
gw_kw2_520,kW2,3,520,float32,,,1,0,3,,,,,true,,low_high,big
gw_kw3_522,kW3,3,522,float32,,,1,0,3,,,,,true,,low_high,big
gw_kva1_524,kVA1,3,524,float32,,,1,0,3,,,,,true,,low_high,big
gw_kva2_526,kVA2,3,526,float32,,,1,0,3,,,,,true,,low_high,big
gw_kva3_528,kVA3,3,528,float32,,,1,0,3,,,,,true,,low_high,big
gw_kvar1_530,kvar1,3,530,float32,,,1,0,3,,,,,true,,low_high,big
gw_kvar2_532,kvar2,3,532,float32,,,1,0,3,,,,,true,,low_high,big
gw_kvar3_534,kvar3,3,534,float32,,,1,0,3,,,,,true,,low_high,big
gw_total_kw_536,Total_kW,3,536,float32,,,1,0,3,,,,,true,,low_high,big
gw_total_kva_538,Total_kVA,3,538,float32,,,1,0,3,,,,,true,,low_high,big
gw_total_kvar_540,Total_kvar,3,540,float32,,,1,0,3,,,,,true,,low_high,big
gw_pf1_542,PF1,3,542,float32,,,1,0,3,,,,,true,,low_high,big
gw_pf2_544,PF2,3,544,float32,,,1,0,3,,,,,true,,low_high,big
gw_pf3_546,PF3,3,546,float32,,,1,0,3,,,,,true,,low_high,big
gw_avg_pf_548,Avg_PF,3,548,float32,,,1,0,3,,,,,true,,low_high,big
gw_frequency_550,Frequency,3,550,float32,,,1,0,3,,,,,true,,low_high,big
gw_kwh_552,kWh,3,552,float32,,,1,0,3,,,,,true,,low_high,big
gw_kvah_554,kVAh,3,554,float32,,,1,0,3,,,,,true,,low_high,big
gw_kvarh_556,kvarh,3,556,float32,,,1,0,3,,,,,true,,low_high,big
gw_static_86_558,Static_86,3,558,float32,,,1,0,3,,,,,false,,low_high,big
gw_static_87_560,Static_87,3,560,float32,,,1,0,3,,,,,false,,low_high,big
gw_static_88_562,Static_88,3,562,float32,,,1,0,3,,,,,false,,low_high,big
gw_static_89_564,Static_89,3,564,float32,,,1,0,3,,,,,false,,low_high,big
gw_static_90_566,Static_90,3,566,float32,,,1,0,3,,,,,false,,low_high,big
gw_static_91_568,Static_91,3,568,float32,,,1,0,3,,,,,false,,low_high,big
gw_static_92_570,Static_92,3,570,float32,,,1,0,3,,,,,false,,low_high,big
gw_static_93_572,Static_93,3,572,float32,,,1,0,3,,,,,false,,low_high,big
gw_static_94_574,Static_94,3,574,float32,,,1,0,3,,,,,false,,low_high,big
gw_static_95_576,Static_95,3,576,float32,,,1,0,3,,,,,false,,low_high,big
gw_static_96_578,Static_96,3,578,float32,,,1,0,3,,,,,false,,low_high,big
gw_static_97_580,Static_97,3,580,float32,,,1,0,3,,,,,false,,low_high,big
gw_static_98_582,Static_98,3,582,float32,,,1,0,3,,,,,false,,low_high,big
gw_static_99_584,Static_99,3,584,float32,,,1,0,3,,,,,false,,low_high,big
gw_static_100_586,Static_100,3,586,float32,,,1,0,3,,,,,false,,low_high,big
gw_static_101_588,Static_101,3,588,float32,,,1,0,3,,,,,false,,low_high,big
gw_static_102_590,Static_102,3,590,float32,,,1,0,3,,,,,false,,low_high,big
gw_static_103_592,Static_103,3,592,float32,,,1,0,3,,,,,false,,low_high,big
gw_static_104_594,Static_104,3,594,float32,,,1,0,3,,,,,false,,low_high,big
gw_static_105_596,Static_105,3,596,float32,,,1,0,3,,,,,false,,low_high,big
gw_static_106_598,Static_106,3,598,float32,,,1,0,3,,,,,false,,low_high,big
gw_static_107_600,Static_107,3,600,int32,,,1,0,,,,,,false,,low_high,big
gw_static_108_602,Static_108,3,602,int32,,,1,0,,,,,,false,,low_high,big
gw_static_109_604,Static_109,3,604,int32,,,1,0,,,,,,false,,low_high,big
gw_static_110_606,Static_110,3,606,int32,,,1,0,,,,,,false,,low_high,big
gw_static_111_608,Static_111,3,608,int32,,,1,0,,,,,,false,,low_high,big
gw_static_112_610,Static_112,3,610,int32,,,1,0,,,,,,false,,low_high,big
gw_static_113_612,Static_113,3,612,int32,,,1,0,,,,,,false,,low_high,big
gw_static_114_614,Static_114,3,614,int32,,,1,0,,,,,,false,,low_high,big
gw_static_115_616,Static_115,3,616,int32,,,1,0,,,,,,false,,low_high,big
gw_static_116_618,Static_116,3,618,int32,,,1,0,,,,,,false,,low_high,big
gw_static_117_620,Static_117,3,620,int32,,,1,0,,,,,,false,,low_high,big
gw_static_118_622,Static_118,3,622,int32,,,1,0,,,,,,false,,low_high,big
gw_static_119_624,Static_119,3,624,int32,,,1,0,,,,,,false,,low_high,big
gw_static_120_626,Static_120,3,626,int32,,,1,0,,,,,,false,,low_high,big
gw_static_121_628,Static_121,3,628,int32,,,1,0,,,,,,false,,low_high,big
gw_static_122_630,Static_122,3,630,int32,,,1,0,,,,,,false,,low_high,big
gw_static_123_632,Static_123,3,632,int32,,,1,0,,,,,,false,,low_high,big
gw_static_124_634,Static_124,3,634,int32,,,1,0,,,,,,false,,low_high,big
gw_static_125_636,Static_125,3,636,int32,,,1,0,,,,,,false,,low_high,big
gw_static_126_638,Static_126,3,638,int32,,,1,0,,,,,,false,,low_high,big
gw_aw_kas_czas_pg1_1_640_15,"kas_czas_PG1,1",3,640,bit,15,,1,0,,,,,aw,true,,,
gw_aw_kas_czas_pg1_2_640_14,"kas_czas_PG1,2",3,640,bit,14,,1,0,,,,,aw,true,,,
gw_aw_static_185_640_13,Static_185,3,640,bit,13,,1,0,,,,,aw,false,,,
gw_aw_kas_czas_sp1_640_12,kas_czas_SP1,3,640,bit,12,,1,0,,,,,aw,true,,,
gw_aw_kas_czas_sp2_640_11,kas_czas_SP2,3,640,bit,11,,1,0,,,,,aw,true,,,
gw_aw_kas_czas_pp7_1_640_10,"kas_czas_pp7,1",3,640,bit,10,,1,0,,,,,aw,true,,,
gw_aw_kas_czas_agr_640_9,kas_czas_Agr,3,640,bit,9,,1,0,,,,,aw,true,,,
gw_aw_static_127_640_8,Static_127,3,640,bit,8,,1,0,,,,,aw,false,,,
gw_aw_static_128_640_7,Static_128,3,640,bit,7,,1,0,,,,,aw,false,,,
gw_aw_static_129_640_6,Static_129,3,640,bit,6,,1,0,,,,,aw,false,,,
gw_aw_static_130_640_5,Static_130,3,640,bit,5,,1,0,,,,,aw,false,,,
gw_aw_static_131_640_4,Static_131,3,640,bit,4,,1,0,,,,,aw,false,,,
gw_aw_static_132_640_3,Static_132,3,640,bit,3,,1,0,,,,,aw,false,,,
gw_aw_static_133_640_2,Static_133,3,640,bit,2,,1,0,,,,,aw,false,,,
gw_aw_static_134_640_1,Static_134,3,640,bit,1,,1,0,,,,,aw,false,,,
gw_aw_static_135_640_0,Static_135,3,640,bit,0,,1,0,,,,,aw,false,,,
gw_aw_kas_licz_zal_pg1_1_641_15,"kas_licz_zal_PG1,1",3,641,bit,15,,1,0,,,,,aw,true,,,
gw_aw_kas_licz_zal_pg1_2_641_14,"kas_licz_zal_PG1,2",3,641,bit,14,,1,0,,,,,aw,true,,,
gw_aw_static_186_641_13,Static_186,3,641,bit,13,,1,0,,,,,aw,false,,,
gw_aw_kas_licz_zal_sp1_641_12,kas_licz_zal_SP1,3,641,bit,12,,1,0,,,,,aw,true,,,
gw_aw_kas_licz_zal_sp2_641_11,kas_licz_zal_SP2,3,641,bit,11,,1,0,,,,,aw,true,,,
gw_aw_kas_licz_zal_pp7_1_641_10,"kas_licz_zal_pp7,1",3,641,bit,10,,1,0,,,,,aw,true,,,
gw_aw_kas_licz_zal_agr_641_9,kas_licz_zal_Agr,3,641,bit,9,,1,0,,,,,aw,true,,,
gw_aw_static_136_641_8,Static_136,3,641,bit,8,,1,0,,,,,aw,false,,,
gw_aw_static_137_641_7,Static_137,3,641,bit,7,,1,0,,,,,aw,false,,,
gw_aw_static_138_641_6,Static_138,3,641,bit,6,,1,0,,,,,aw,false,,,
gw_aw_static_139_641_5,Static_139,3,641,bit,5,,1,0,,,,,aw,false,,,
gw_aw_static_140_641_4,Static_140,3,641,bit,4,,1,0,,,,,aw,false,,,
gw_aw_static_141_641_3,Static_141,3,641,bit,3,,1,0,,,,,aw,false,,,
gw_aw_static_142_641_2,Static_142,3,641,bit,2,,1,0,,,,,aw,false,,,
gw_aw_static_143_641_1,Static_143,3,641,bit,1,,1,0,,,,,aw,false,,,
gw_aw_static_144_641_0,Static_144,3,641,bit,0,,1,0,,,,,aw,false,,,
gw_aw_kas_licz_f1_642_15,kas_licz_F1,3,642,bit,15,,1,0,,,,,aw,true,,,
gw_aw_kas_licz_f2_642_14,kas_licz_F2,3,642,bit,14,,1,0,,,,,aw,true,,,
gw_aw_kas_licz_f3_642_13,kas_licz_F3,3,642,bit,13,,1,0,,,,,aw,true,,,
gw_aw_kas_licz_f4_642_12,kas_licz_F4,3,642,bit,12,,1,0,,,,,aw,true,,,
gw_aw_static_187_642_11,Static_187,3,642,bit,11,,1,0,,,,,aw,false,,,
gw_aw_static_188_642_10,Static_188,3,642,bit,10,,1,0,,,,,aw,false,,,
gw_aw_static_145_642_9,Static_145,3,642,bit,9,,1,0,,,,,aw,false,,,
gw_aw_static_146_642_8,Static_146,3,642,bit,8,,1,0,,,,,aw,false,,,
gw_aw_static_147_642_7,Static_147,3,642,bit,7,,1,0,,,,,aw,false,,,
gw_aw_static_148_642_6,Static_148,3,642,bit,6,,1,0,,,,,aw,false,,,
gw_poziom_wyl_pg_643,poziom_wyl_PG,3,643,float32,,,1,0,3,,,,,true,,low_high,big
gw_poziom_zal_pg_645,poziom_zal_PG,3,645,float32,,,1,0,3,,,,,true,,low_high,big
gw_zad_poz_ppoz_647,zad_poz_ppoz,3,647,float32,,,1,0,3,,,,,true,,low_high,big
gw_czas_faza_1_649,czas_faza_1,3,649,int16,,,1,0,,,,,,true,,,
gw_czas_faza_2_650,czas_faza_2,3,650,int16,,,1,0,,,,,,true,,,
gw_czas_faza_3_651,czas_faza_3,3,651,int16,,,1,0,,,,,,true,,,
gw_czas_faza_4_652,czas_faza_4,3,652,int16,,,1,0,,,,,,true,,,
gw_czas_faza_5_653,czas_faza_5,3,653,int16,,,1,0,,,,,,true,,,
gw_static_149_654,Static_149,3,654,int16,,,1,0,,,,,,false,,,
gw_static_150_655,Static_150,3,655,int16,,,1,0,,,,,,false,,,
gw_static_151_656,Static_151,3,656,int16,,,1,0,,,,,,false,,,
gw_od_ktotrej_godz_plukanie_657,od_ktotrej_godz_plukanie,3,657,int16,,,1,0,,,,,,true,,,
gw_do_ktotrej_godz_plukanie_658,do_ktotrej_godz_plukanie,3,658,int16,,,1,0,,,,,,true,,,
